썸네일,판매처,상품명,가격,배송비
https://shopping-phinf.pstatic.net/main_8148008/81480081214.30.jpg?type=f300,집에서 먹자,집에서먹자 곱이곱다 곱창구이 곱창 160g 막창 염통 캠핑 초벌 소곱창 소주 술안주 통대창,4320,0
https://shopping-phinf.pstatic.net/main_8821378/88213780564.5.jpg?type=f300,CJ제일제당,[CJ 추석 선물세트] 스팸 6호 네이버 에디션,31900,0
https://shopping-phinf.pstatic.net/main_8969245/89692453960.1.jpg?type=f300,CJ제일제당,"햇반 황금현미밥 210g 36개, 네이버 Only",41980,0
https://shopping-phinf.pstatic.net/main_8944045/89440451964.11.jpg?type=f300,동원공식샵,"[N배송] [네이버 Only] 녹차담은 동원참치 85g, 18개",24270,0
https://shopping-phinf.pstatic.net/main_8763711/87637116371.49.jpg?type=f300,카누 공식 브랜드스토어,카누 네스프레소 호환캡슐 10개입 6팩 벨베티 3팩+스무스 3팩 외 16종,29940,0
https://shopping-phinf.pstatic.net/main_8972737/89727378383.jpg?type=f300,마이노멀,"마이노멀 무가당 100% 땅콩버터 크리미250g+크런치250g (땅콩잼, 피넛버터)",17800,0
https://shopping-phinf.pstatic.net/main_8334152/83341526576.10.jpg?type=f300,CJ제일제당,[CJ 추석 선물세트] 특별한선택 네이버 에디션,23500,0
https://shopping-phinf.pstatic.net/main_8981870/89818709763.2.jpg?type=f300,청정원 공식스토어,"청정원 추석 선물세트 행복N2호, 5+1개",107000,0
https://shopping-phinf.pstatic.net/main_8792906/87929062223.jpg?type=f300,리타 공식스토어,리타 코코넛워터 위드 펄프 320ml x 24캔,16900,0
https://shopping-phinf.pstatic.net/main_8918443/89184433594.1.jpg?type=f300,랭킹닭컴,[15+15] 잇메이트 빠삭 주먹밥 5종 30팩 / 냉동 삼각김밥,36400,0
https://shopping-phinf.pstatic.net/main_8019291/80192911218.jpg?type=f300,신라명과,신라명과 참고운양갱 4가지맛 선물용쇼핑백,15900,0
https://shopping-phinf.pstatic.net/main_8778514/87785141173.1.jpg?type=f300,유밀가,유밀가 수제 도라지정과 3종 선물세트 3개입 상견례선물 결혼식답례품 이바지음식 보자기포장,50900,0
https://shopping-phinf.pstatic.net/main_8944077/89440771356.3.jpg?type=f300,주식회사 하림,"하림 순살치킨 2팩 세트(후라이드, 소이갈릭, 달콤양념, 크림버터)",11800,0
https://shopping-phinf.pstatic.net/main_8917522/89175225180.3.jpg?type=f300,백년화편,백년화편 밥알 찹쌀떡 양갱모둠 세트 부직포백 포장 부모님 어르신 간식 답례품 명절 선물,55800,0
https://shopping-phinf.pstatic.net/main_8920708/89207086901.jpg?type=f300,하동율림영농조합법인,국산 100% 알토리 고구마스틱 50g x 10봉 꿀고구마 말랭이 아이간식,17950,0
https://shopping-phinf.pstatic.net/main_8972682/89726825742.jpg?type=f300,사조 공식스토어,사조 안심따개 참치 100g 12개 3종 택 1 살코기 고추 마일드+살코기참치 85g 1개,17800,0
